Pheno,Marker,Nig_P_adj,Linkage_Class
Blup_Transfo_Horiz_size_50perc_field_y1_y2,Chr16_2548025_2705726,0.09632870262067386,suggestive
Blup_Transfo_Horiz_size_50perc_field_y1_y2,Chr16_2705727_2721119,0.09632870262067386,suggestive
Blup_Transfo_Horiz_size_50perc_field_y1_y2,Chr16_2721120_3234928,0.09632870262067386,suggestive
Blup_Transfo_Horiz_size_50perc_field_y1_y2,Chr16_3234929_3265636,0.09632870262067386,suggestive
Blup_Transfo_Horiz_size_50perc_field_year2,Chr16_2548025_2705726,0.09940540301653421,suggestive
Blup_Transfo_Horiz_size_50perc_field_year2,Chr16_2705727_2721119,0.09940540301653421,suggestive
Blup_Transfo_Horiz_size_50perc_field_year2,Chr16_2721120_3234928,0.09940540301653421,suggestive
Blup_Transfo_Horiz_size_50perc_field_year2,Chr16_3234929_3265636,0.09940540301653421,suggestive
Blup_Transfo_PC2_PC3_y1_y2,Chr03_16494571_16498778,0.08951363162946274,suggestive
Blup_Transfo_PC2_PC3_y1_y2,Chr03_16498779_16962746,0.08951363162946274,suggestive
Blup_Transfo_PC2_PC3_y1_y2,Chr03_16962747_16963027,0.09139174030432175,suggestive
Blup_Transfo_PC2_PC3_y1_y2,Chr03_16963028_17401125,0.08951363162946274,suggestive
