Phenotype,Marker,Nig,Sign.Class
Horiz_size_25perc_field_y1_y2,Chr16_3234929_3265636,3.796970461915176,Suggestive
Horiz_size_25perc_field_year2,Chr16_3234929_3265636,3.9055424155099505,Suggestive
Indent_depth_mean_field_y1_y2,Chr18_12571796_13215977,3.77930993702978,Suggestive
PC2_PC3_y1_y2,Chr03_16494571_16498778,3.800935883580717,Suggestive
PC2_PC3_y1_y2,Chr03_16498779_16962746,3.7802476160760374,Suggestive
PC2_PC3_y1_y2,Chr03_16963028_17401125,3.7615372247767533,Suggestive
Vert_size25perc_Vert_size_75perc_ratio_field_year2,Chr11_5977579_6941413,3.8917984354417596,Suggestive
