Pheno,Marker,Nig_P_adj,Linkage_Class
Blup_Transfo_Horiz_size_25perc_field_y1_y2,Chr16_2548025_2705726,0.06010958447782256,suggestive
Blup_Transfo_Horiz_size_25perc_field_y1_y2,Chr16_2705727_2721119,0.06010958447782256,suggestive
Blup_Transfo_Horiz_size_25perc_field_y1_y2,Chr16_2721120_3234928,0.06010958447782256,suggestive
Blup_Transfo_Horiz_size_25perc_field_y1_y2,Chr16_3234929_3265636,0.06010958447782256,suggestive
Blup_Transfo_Horiz_size_25perc_field_y1_y2,Chr16_3265637_3600924,0.06010958447782256,suggestive
Blup_Transfo_Horiz_size_25perc_field_year2,Chr16_2548025_2705726,0.08298917384511988,suggestive
Blup_Transfo_Horiz_size_25perc_field_year2,Chr16_2705727_2721119,0.08298917384511988,suggestive
Blup_Transfo_Horiz_size_25perc_field_year2,Chr16_2721120_3234928,0.08298917384511988,suggestive
Blup_Transfo_Horiz_size_25perc_field_year2,Chr16_3234929_3265636,0.08298917384511988,suggestive
Blup_Transfo_Horiz_size_25perc_field_year2,Chr16_3265637_3600924,0.08298917384511988,suggestive
Blup_Transfo_Horiz_size_25perc_field_year2,Chr16_3600925_3601048,0.09480403730129958,suggestive
Blup_Transfo_PC2_PC3_y1_y2,Chr03_16189365_16494570,0.09553507650669818,suggestive
Blup_Transfo_PC2_PC3_y1_y2,Chr03_16494571_16498778,0.09171949960933874,suggestive
Blup_Transfo_PC2_PC3_y1_y2,Chr03_16498779_16962746,0.09171949960933874,suggestive
Blup_Transfo_PC2_PC3_y1_y2,Chr03_16962747_16963027,0.09171949960933874,suggestive
Blup_Transfo_PC2_PC3_y1_y2,Chr03_16963028_17401125,0.09171949960933874,suggestive
Blup_Transfo_PC2_PC3_y1_y2,Chr14_1718840_1769847,0.09171949960933874,suggestive
Blup_Transfo_PC2_PC3_y1_y2,Chr14_1769848_2181663,0.09171949960933874,suggestive
Blup_Transfo_PC2_PC3_y1_y2,Chr14_2181664_2181860,0.09171949960933874,suggestive
Blup_Transfo_PC2_PC3_y1_y2,Chr14_2181861_2932266,0.09171949960933874,suggestive
Blup_Transfo_PC2_PC3_year2,Chr03_16494571_16498778,0.08992011670696226,suggestive
Blup_Transfo_PC2_PC3_year2,Chr03_16498779_16962746,0.08992011670696226,suggestive
Blup_Transfo_PC2_PC3_year2,Chr14_1718840_1769847,0.08992011670696226,suggestive
Blup_Transfo_PC2_PC3_year2,Chr14_1769848_2181663,0.08992011670696226,suggestive
Blup_Transfo_PC2_PC3_year2,Chr14_2181664_2181860,0.08992011670696226,suggestive
Blup_Transfo_PC2_PC3_year2,Chr14_2181861_2932266,0.08992011670696226,suggestive
